timestamp,daily_peak_load,spike_prob,decision
2023-01-01,41594.989976,0.0,NO HEDGE
2023-01-02,46265.637177,0.001282051282051282,NO HEDGE
2023-01-03,44268.537672,0.00044365572315882877,NO HEDGE
2023-01-04,44085.466474,0.00044365572315882877,NO HEDGE
2023-01-05,47379.537722,0.0008499787505312367,NO HEDGE
2023-01-06,46320.775739,0.001282051282051282,NO HEDGE
2023-01-07,42900.621156,0.0004894762604013706,NO HEDGE
2023-01-08,42227.920938,0.0004894762604013706,NO HEDGE
2023-01-09,47029.854027,0.001282051282051282,NO HEDGE
2023-01-10,44780.006756,0.00044365572315882877,NO HEDGE
2023-01-11,47082.681187,0.001282051282051282,NO HEDGE
2023-01-12,45320.071218,0.00044365572315882877,NO HEDGE
2023-01-13,51224.874398,0.0026766595289079227,NO HEDGE
2023-01-14,49179.01077,0.001349527665317139,NO HEDGE
2023-01-15,42267.771388,0.0004894762604013706,NO HEDGE
2023-01-16,45291.2702,0.00044365572315882877,NO HEDGE
2023-01-17,45574.189798,0.001282051282051282,NO HEDGE
2023-01-18,44609.948229,0.00044365572315882877,NO HEDGE
2023-01-19,45014.998756,0.00044365572315882877,NO HEDGE
2023-01-20,46110.923472,0.001282051282051282,NO HEDGE
2023-01-21,44671.514372,0.00044365572315882877,NO HEDGE
2023-01-22,45471.264441,0.001282051282051282,NO HEDGE
2023-01-23,54688.858314,0.005718370264474625,NO HEDGE
2023-01-24,51498.144594,0.0026766595289079227,NO HEDGE
2023-01-25,54490.483001,0.005718370264474625,NO HEDGE
2023-01-26,57821.057265,0.0010787486515641855,NO HEDGE
2023-01-27,56092.460797,0.006102877070619006,NO HEDGE
2023-01-28,44942.34216,0.00044365572315882877,NO HEDGE
2023-01-29,50556.108909,0.001349527665317139,NO HEDGE
2023-01-30,63018.21569,0.004559270516717325,NO HEDGE
2023-01-31,65631.970941,0.007861635220125786,NO HEDGE
2023-02-01,63505.45339,0.004559270516717325,NO HEDGE
2023-02-02,59718.847634,0.007263922518159807,NO HEDGE
2023-02-03,60512.851296,0.007263922518159807,NO HEDGE
2023-02-04,53519.563242,0.002385211687537269,NO HEDGE
2023-02-05,44620.314089,0.00044365572315882877,NO HEDGE
2023-02-06,44028.734478,0.00044365572315882877,NO HEDGE
2023-02-07,46567.607957,0.001282051282051282,NO HEDGE
2023-02-08,48140.198362,0.0008499787505312367,NO HEDGE
2023-02-09,53238.045275,0.002385211687537269,NO HEDGE
2023-02-10,50338.807636,0.001349527665317139,NO HEDGE
2023-02-11,53381.283326,0.002385211687537269,NO HEDGE
2023-02-12,50749.384628,0.0026766595289079227,NO HEDGE
2023-02-13,49090.607209,0.001349527665317139,NO HEDGE
2023-02-14,44677.511563,0.00044365572315882877,NO HEDGE
2023-02-15,46275.493341,0.001282051282051282,NO HEDGE
2023-02-16,51599.805843,0.0026766595289079227,NO HEDGE
2023-02-17,58325.066344,0.0010787486515641855,NO HEDGE
2023-02-18,53835.205415,0.002385211687537269,NO HEDGE
2023-02-19,44678.377791,0.00044365572315882877,NO HEDGE
2023-02-20,46789.052856,0.001282051282051282,NO HEDGE
2023-02-21,49867.446699,0.001349527665317139,NO HEDGE
2023-02-22,49970.57393,0.001349527665317139,NO HEDGE
2023-02-23,48306.419159,0.0008499787505312367,NO HEDGE
2023-02-24,48463.035286,0.0008499787505312367,NO HEDGE
2023-02-25,46617.245363,0.001282051282051282,NO HEDGE
2023-02-26,45914.819234,0.001282051282051282,NO HEDGE
2023-02-27,48447.892864,0.0008499787505312367,NO HEDGE
2023-02-28,50366.177619,0.001349527665317139,NO HEDGE
2023-03-01,50066.680684,0.001349527665317139,NO HEDGE
2023-03-02,49099.46573,0.001349527665317139,NO HEDGE
2023-03-03,42577.426998,0.0004894762604013706,NO HEDGE
2023-03-04,43028.40877,0.0004894762604013706,NO HEDGE
2023-03-05,45536.573662,0.001282051282051282,NO HEDGE
2023-03-06,50822.351278,0.0026766595289079227,NO HEDGE
2023-03-07,49990.321803,0.001349527665317139,NO HEDGE
2023-03-08,49931.396133,0.001349527665317139,NO HEDGE
2023-03-09,50209.965003,0.001349527665317139,NO HEDGE
2023-03-10,48062.65275,0.0008499787505312367,NO HEDGE
2023-03-11,51929.861087,0.0026766595289079227,NO HEDGE
2023-03-12,46127.565094,0.001282051282051282,NO HEDGE
2023-03-13,43835.527119,0.00044365572315882877,NO HEDGE
2023-03-14,43762.980798,0.00044365572315882877,NO HEDGE
2023-03-15,44053.186608,0.00044365572315882877,NO HEDGE
2023-03-16,46509.999489,0.001282051282051282,NO HEDGE
2023-03-17,47526.832696,0.0008499787505312367,NO HEDGE
2023-03-18,46460.774738,0.001282051282051282,NO HEDGE
2023-03-19,47645.134847,0.0008499787505312367,NO HEDGE
2023-03-20,51751.508357,0.0026766595289079227,NO HEDGE
2023-03-21,45491.671873,0.001282051282051282,NO HEDGE
2023-03-22,50216.280319,0.001349527665317139,NO HEDGE
2023-03-23,52766.157199,0.002385211687537269,NO HEDGE
2023-03-24,51115.414472,0.0026766595289079227,NO HEDGE
2023-03-25,47601.110319,0.0008499787505312367,NO HEDGE
2023-03-26,47649.955791,0.0008499787505312367,NO HEDGE
2023-03-27,47269.634793,0.0008499787505312367,NO HEDGE
2023-03-28,43987.1296,0.00044365572315882877,NO HEDGE
2023-03-29,44164.827158,0.00044365572315882877,NO HEDGE
2023-03-30,47904.91969,0.0008499787505312367,NO HEDGE
2023-03-31,53005.556526,0.002385211687537269,NO HEDGE
2023-04-01,48445.031218,0.0008499787505312367,NO HEDGE
2023-04-02,50775.533654,0.0026766595289079227,NO HEDGE
2023-04-03,60921.595702,0.007263922518159807,NO HEDGE
2023-04-04,55251.230023,0.005718370264474625,NO HEDGE
2023-04-05,47597.090361,0.0008499787505312367,NO HEDGE
2023-04-06,44100.090408,0.00044365572315882877,NO HEDGE
2023-04-07,43548.207617,0.0004894762604013706,NO HEDGE
2023-04-08,41792.413928,0.0,NO HEDGE
2023-04-09,42659.933262,0.0004894762604013706,NO HEDGE
2023-04-10,45206.016024,0.00044365572315882877,NO HEDGE
2023-04-11,47837.925563,0.0008499787505312367,NO HEDGE
2023-04-12,48658.864213,0.0008499787505312367,NO HEDGE
2023-04-13,50854.46867,0.0026766595289079227,NO HEDGE
2023-04-14,50446.591185,0.001349527665317139,NO HEDGE
2023-04-15,55600.156805,0.005718370264474625,NO HEDGE
2023-04-16,44960.87356,0.00044365572315882877,NO HEDGE
2023-04-17,48085.691465,0.0008499787505312367,NO HEDGE
2023-04-18,49014.012319,0.001349527665317139,NO HEDGE
2023-04-19,54935.063957,0.005718370264474625,NO HEDGE
2023-04-20,52967.831454,0.002385211687537269,NO HEDGE
2023-04-21,50725.943185,0.0026766595289079227,NO HEDGE
2023-04-22,46623.349833,0.001282051282051282,NO HEDGE
2023-04-23,41407.112057,0.0,NO HEDGE
2023-04-24,44111.494871,0.00044365572315882877,NO HEDGE
2023-04-25,47372.717775,0.0008499787505312367,NO HEDGE
2023-04-26,51600.449183,0.0026766595289079227,NO HEDGE
2023-04-27,48771.645025,0.0008499787505312367,NO HEDGE
2023-04-28,51636.125395,0.0026766595289079227,NO HEDGE
2023-04-29,41755.297523,0.0,NO HEDGE
2023-04-30,51616.034621,0.0026766595289079227,NO HEDGE
2023-05-01,53353.537753,0.002385211687537269,NO HEDGE
2023-05-02,52815.798823,0.002385211687537269,NO HEDGE
2023-05-03,56400.355289,0.006102877070619006,NO HEDGE
2023-05-04,55776.993226,0.005718370264474625,NO HEDGE
2023-05-05,68121.29104,0.027613412228796843,NO HEDGE
2023-05-06,61983.121668,0.006954102920723227,NO HEDGE
2023-05-07,54689.433521,0.005718370264474625,NO HEDGE
2023-05-08,62887.029742,0.004559270516717325,NO HEDGE
2023-05-09,54452.606409,0.005718370264474625,NO HEDGE
2023-05-10,52791.892281,0.002385211687537269,NO HEDGE
2023-05-11,64150.67584,0.004559270516717325,NO HEDGE
2023-05-12,64290.476352,0.004559270516717325,NO HEDGE
2023-05-13,51573.633797,0.0026766595289079227,NO HEDGE
2023-05-14,51757.984266,0.0026766595289079227,NO HEDGE
2023-05-15,57875.526573,0.0010787486515641855,NO HEDGE
2023-05-16,55661.284106,0.005718370264474625,NO HEDGE
2023-05-17,61071.812123,0.007263922518159807,NO HEDGE
2023-05-18,64936.892751,0.007861635220125786,NO HEDGE
2023-05-19,65975.436947,0.007861635220125786,NO HEDGE
2023-05-20,54558.362697,0.005718370264474625,NO HEDGE
2023-05-21,49070.857241,0.001349527665317139,NO HEDGE
2023-05-22,60867.67672,0.007263922518159807,NO HEDGE
2023-05-23,63745.501514,0.004559270516717325,NO HEDGE
2023-05-24,62198.565057,0.006954102920723227,NO HEDGE
2023-05-25,60893.462906,0.007263922518159807,NO HEDGE
2023-05-26,62139.247233,0.006954102920723227,NO HEDGE
2023-05-27,58698.850362,0.0010787486515641855,NO HEDGE
2023-05-28,57161.283331,0.006102877070619006,NO HEDGE
2023-05-29,60620.464639,0.007263922518159807,NO HEDGE
2023-05-30,63688.416302,0.004559270516717325,NO HEDGE
2023-05-31,66664.356174,0.025996533795493933,NO HEDGE
2023-06-01,66220.762701,0.007861635220125786,NO HEDGE
2023-06-02,67245.551551,0.025996533795493933,NO HEDGE
2023-06-03,65477.528827,0.007861635220125786,NO HEDGE
2023-06-04,58536.345945,0.0010787486515641855,NO HEDGE
2023-06-05,59476.212511,0.007263922518159807,NO HEDGE
2023-06-06,62145.109846,0.006954102920723227,NO HEDGE
2023-06-07,67129.060252,0.025996533795493933,NO HEDGE
2023-06-08,67418.54169,0.025996533795493933,NO HEDGE
2023-06-09,72483.595381,0.06118143459915612,NO HEDGE
2023-06-10,70533.064817,0.064,NO HEDGE
2023-06-11,73558.777078,0.08177570093457943,NO HEDGE
2023-06-12,71238.910784,0.064,NO HEDGE
2023-06-13,67055.260733,0.025996533795493933,NO HEDGE
2023-06-14,72574.054667,0.06118143459915612,NO HEDGE
2023-06-15,76269.902277,0.09555555555555556,NO HEDGE
2023-06-16,75365.465728,0.09555555555555556,NO HEDGE
2023-06-17,74178.641863,0.08177570093457943,NO HEDGE
2023-06-18,73893.474534,0.08177570093457943,NO HEDGE
2023-06-19,79129.881332,0.1700404858299595,HEDGE
2023-06-20,79200.522816,0.1700404858299595,HEDGE
2023-06-21,77439.990193,0.13271604938271606,WATCH / PARTIAL HEDGE
2023-06-22,73613.997636,0.08177570093457943,NO HEDGE
2023-06-23,75552.843903,0.09555555555555556,NO HEDGE
2023-06-24,76954.43169,0.13271604938271606,WATCH / PARTIAL HEDGE
2023-06-25,78630.226936,0.1700404858299595,HEDGE
2023-06-26,79975.432668,0.1700404858299595,HEDGE
2023-06-27,80786.514703,0.23853211009174313,HEDGE
2023-06-28,80089.115717,0.1700404858299595,HEDGE
2023-06-29,80135.879833,0.1700404858299595,HEDGE
2023-06-30,78220.756772,0.13271604938271606,WATCH / PARTIAL HEDGE
2023-07-01,69889.170923,0.064,NO HEDGE
2023-07-02,69354.243612,0.027613412228796843,NO HEDGE
2023-07-03,75331.163199,0.09555555555555556,NO HEDGE
2023-07-04,71991.226741,0.06118143459915612,NO HEDGE
2023-07-05,75727.550874,0.09555555555555556,NO HEDGE
2023-07-06,68004.421834,0.025996533795493933,NO HEDGE
2023-07-07,72107.727674,0.06118143459915612,NO HEDGE
2023-07-08,74920.547312,0.08177570093457943,NO HEDGE
2023-07-09,74589.513763,0.08177570093457943,NO HEDGE
2023-07-10,79633.752674,0.1700404858299595,HEDGE
2023-07-11,78586.65918,0.1700404858299595,HEDGE
2023-07-12,81378.89349,0.23853211009174313,HEDGE
2023-07-13,81225.063365,0.23853211009174313,HEDGE
2023-07-14,80666.353783,0.23853211009174313,HEDGE
2023-07-15,78199.631837,0.13271604938271606,WATCH / PARTIAL HEDGE
2023-07-16,73992.031464,0.08177570093457943,NO HEDGE
2023-07-17,81794.050667,0.23853211009174313,HEDGE
2023-07-18,82498.956807,0.38028169014084506,HEDGE
2023-07-19,82320.47795,0.38028169014084506,HEDGE
2023-07-20,81931.320871,0.38028169014084506,HEDGE
2023-07-21,81124.617705,0.23853211009174313,HEDGE
2023-07-22,77569.50758,0.13271604938271606,WATCH / PARTIAL HEDGE
2023-07-23,75448.449589,0.09555555555555556,NO HEDGE
2023-07-24,81093.297766,0.23853211009174313,HEDGE
2023-07-25,81631.390511,0.23853211009174313,HEDGE
2023-07-26,81375.606902,0.23853211009174313,HEDGE
2023-07-27,80643.013851,0.23853211009174313,HEDGE
2023-07-28,79871.476012,0.1700404858299595,HEDGE
2023-07-29,78565.16936,0.1700404858299595,HEDGE
2023-07-30,80688.954606,0.23853211009174313,HEDGE
2023-07-31,82939.075224,0.38028169014084506,HEDGE
2023-08-01,83496.964784,0.38028169014084506,HEDGE
2023-08-02,83303.046563,0.38028169014084506,HEDGE
2023-08-03,83617.831847,0.676923076923077,HEDGE
2023-08-04,83509.38767,0.38028169014084506,HEDGE
2023-08-05,83321.474343,0.38028169014084506,HEDGE
2023-08-06,82561.21952,0.38028169014084506,HEDGE
2023-08-07,83752.153341,0.676923076923077,HEDGE
2023-08-08,82923.303982,0.38028169014084506,HEDGE
2023-08-09,83735.956901,0.676923076923077,HEDGE
2023-08-10,85464.116394,0.676923076923077,HEDGE
2023-08-11,85037.84922,0.676923076923077,HEDGE
2023-08-12,84479.237742,0.676923076923077,HEDGE
2023-08-13,84468.497682,0.676923076923077,HEDGE
2023-08-14,84516.548116,0.676923076923077,HEDGE
2023-08-15,79770.073848,0.1700404858299595,HEDGE
2023-08-16,80051.671751,0.1700404858299595,HEDGE
2023-08-17,84839.883439,0.676923076923077,HEDGE
2023-08-18,84878.540325,0.676923076923077,HEDGE
2023-08-19,84653.972043,0.676923076923077,HEDGE
2023-08-20,84951.756283,0.676923076923077,HEDGE
2023-08-21,84486.507749,0.676923076923077,HEDGE
2023-08-22,78470.564208,0.13271604938271606,WATCH / PARTIAL HEDGE
2023-08-23,84049.169151,0.676923076923077,HEDGE
2023-08-24,84347.324633,0.676923076923077,HEDGE
2023-08-25,84347.875528,0.676923076923077,HEDGE
2023-08-26,81736.099318,0.23853211009174313,HEDGE
2023-08-27,80269.22077,0.23853211009174313,HEDGE
2023-08-28,77771.678017,0.13271604938271606,WATCH / PARTIAL HEDGE
2023-08-29,76479.752583,0.09555555555555556,NO HEDGE
2023-08-30,77188.763396,0.13271604938271606,WATCH / PARTIAL HEDGE
2023-08-31,77921.738218,0.13271604938271606,WATCH / PARTIAL HEDGE
2023-09-01,76594.575539,0.09555555555555556,NO HEDGE
2023-09-02,75093.335207,0.09555555555555556,NO HEDGE
2023-09-03,75111.232463,0.09555555555555556,NO HEDGE
2023-09-04,78213.096792,0.13271604938271606,WATCH / PARTIAL HEDGE
2023-09-05,81851.731321,0.23853211009174313,HEDGE
2023-09-06,82607.182614,0.38028169014084506,HEDGE
2023-09-07,84143.502642,0.676923076923077,HEDGE
2023-09-08,84342.727457,0.676923076923077,HEDGE
2023-09-09,77362.497522,0.13271604938271606,WATCH / PARTIAL HEDGE
2023-09-10,73010.559706,0.06118143459915612,NO HEDGE
2023-09-11,71288.009163,0.064,NO HEDGE
2023-09-12,68750.682071,0.027613412228796843,NO HEDGE
2023-09-13,65494.910573,0.007861635220125786,NO HEDGE
2023-09-14,62337.697121,0.006954102920723227,NO HEDGE
2023-09-15,63201.120948,0.004559270516717325,NO HEDGE
2023-09-16,60310.951102,0.007263922518159807,NO HEDGE
2023-09-17,67077.971962,0.025996533795493933,NO HEDGE
2023-09-18,71105.855643,0.064,NO HEDGE
2023-09-19,72119.753259,0.06118143459915612,NO HEDGE
2023-09-20,74056.126269,0.08177570093457943,NO HEDGE
2023-09-21,75189.559463,0.09555555555555556,NO HEDGE
2023-09-22,77631.072996,0.13271604938271606,WATCH / PARTIAL HEDGE
2023-09-23,77490.174781,0.13271604938271606,WATCH / PARTIAL HEDGE
2023-09-24,77135.124624,0.13271604938271606,WATCH / PARTIAL HEDGE
2023-09-25,73689.549759,0.08177570093457943,NO HEDGE
2023-09-26,72936.31948,0.06118143459915612,NO HEDGE
2023-09-27,72989.665527,0.06118143459915612,NO HEDGE
2023-09-28,74628.639678,0.08177570093457943,NO HEDGE
2023-09-29,74172.207181,0.08177570093457943,NO HEDGE
2023-09-30,71535.443532,0.064,NO HEDGE
2023-10-01,67317.785763,0.025996533795493933,NO HEDGE
2023-10-02,68592.034688,0.027613412228796843,NO HEDGE
2023-10-03,65964.754576,0.007861635220125786,NO HEDGE
2023-10-04,71180.655037,0.064,NO HEDGE
2023-10-05,55282.376433,0.005718370264474625,NO HEDGE
2023-10-06,59384.63686,0.007263922518159807,NO HEDGE
2023-10-07,46495.032456,0.001282051282051282,NO HEDGE
2023-10-08,47804.271583,0.0008499787505312367,NO HEDGE
2023-10-09,56555.744495,0.006102877070619006,NO HEDGE
2023-10-10,53710.316877,0.002385211687537269,NO HEDGE
2023-10-11,49892.723388,0.001349527665317139,NO HEDGE
2023-10-12,56669.737863,0.006102877070619006,NO HEDGE
2023-10-13,60796.633211,0.007263922518159807,NO HEDGE
2023-10-14,45966.620852,0.001282051282051282,NO HEDGE
2023-10-15,44934.309749,0.00044365572315882877,NO HEDGE
2023-10-16,45456.776378,0.00044365572315882877,NO HEDGE
2023-10-17,46993.070142,0.001282051282051282,NO HEDGE
2023-10-18,51172.496629,0.0026766595289079227,NO HEDGE
2023-10-19,56412.416735,0.006102877070619006,NO HEDGE
2023-10-20,61034.226411,0.007263922518159807,NO HEDGE
2023-10-21,57850.790207,0.0010787486515641855,NO HEDGE
2023-10-22,56944.868005,0.006102877070619006,NO HEDGE
2023-10-23,56924.254312,0.006102877070619006,NO HEDGE
2023-10-24,55658.758811,0.005718370264474625,NO HEDGE
2023-10-25,57525.223867,0.006102877070619006,NO HEDGE
2023-10-26,57537.596818,0.006102877070619006,NO HEDGE
2023-10-27,61085.926397,0.007263922518159807,NO HEDGE
2023-10-28,53940.973848,0.002385211687537269,NO HEDGE
2023-10-29,52140.975793,0.0026766595289079227,NO HEDGE
2023-10-30,50627.869821,0.001349527665317139,NO HEDGE
2023-10-31,51271.335744,0.0026766595289079227,NO HEDGE
2023-11-01,52621.449087,0.002385211687537269,NO HEDGE
2023-11-02,52097.955558,0.0026766595289079227,NO HEDGE
2023-11-03,46707.486803,0.001282051282051282,NO HEDGE
2023-11-04,45915.55705,0.001282051282051282,NO HEDGE
2023-11-05,48180.286791,0.0008499787505312367,NO HEDGE
2023-11-06,52390.655435,0.0026766595289079227,NO HEDGE
2023-11-07,56392.924476,0.006102877070619006,NO HEDGE
2023-11-08,56515.23138,0.006102877070619006,NO HEDGE
2023-11-09,49246.386273,0.001349527665317139,NO HEDGE
2023-11-10,45305.099461,0.00044365572315882877,NO HEDGE
2023-11-11,43467.090395,0.0004894762604013706,NO HEDGE
2023-11-12,44708.157056,0.00044365572315882877,NO HEDGE
2023-11-13,45565.300525,0.001282051282051282,NO HEDGE
2023-11-14,45996.451193,0.001282051282051282,NO HEDGE
2023-11-15,45838.273545,0.001282051282051282,NO HEDGE
2023-11-16,46249.944186,0.001282051282051282,NO HEDGE
2023-11-17,47230.508321,0.0008499787505312367,NO HEDGE
2023-11-18,44812.995554,0.00044365572315882877,NO HEDGE
2023-11-19,45548.372461,0.001282051282051282,NO HEDGE
2023-11-20,49237.980463,0.001349527665317139,NO HEDGE
2023-11-21,47456.253118,0.0008499787505312367,NO HEDGE
2023-11-22,49516.725387,0.001349527665317139,NO HEDGE
2023-11-23,47043.130975,0.001282051282051282,NO HEDGE
2023-11-24,44111.131829,0.00044365572315882877,NO HEDGE
2023-11-25,44320.211211,0.00044365572315882877,NO HEDGE
2023-11-26,48810.840011,0.0008499787505312367,NO HEDGE
2023-11-27,54440.240904,0.005718370264474625,NO HEDGE
2023-11-28,50662.764969,0.001349527665317139,NO HEDGE
2023-11-29,50880.19807,0.0026766595289079227,NO HEDGE
2023-11-30,46930.417557,0.001282051282051282,NO HEDGE
2023-12-01,45702.289646,0.001282051282051282,NO HEDGE
2023-12-02,45331.752208,0.00044365572315882877,NO HEDGE
2023-12-03,45370.298606,0.00044365572315882877,NO HEDGE
2023-12-04,47832.904054,0.0008499787505312367,NO HEDGE
2023-12-05,49650.56095,0.001349527665317139,NO HEDGE
2023-12-06,48698.576757,0.0008499787505312367,NO HEDGE
2023-12-07,48499.10603,0.0008499787505312367,NO HEDGE
2023-12-08,47956.465942,0.0008499787505312367,NO HEDGE
2023-12-09,46982.193936,0.001282051282051282,NO HEDGE
2023-12-10,50206.523067,0.001349527665317139,NO HEDGE
2023-12-11,56975.871165,0.006102877070619006,NO HEDGE
2023-12-12,52298.607872,0.0026766595289079227,NO HEDGE
2023-12-13,49848.562477,0.001349527665317139,NO HEDGE
2023-12-14,49091.026826,0.001349527665317139,NO HEDGE
2023-12-15,48048.38477,0.0008499787505312367,NO HEDGE
2023-12-16,46652.545937,0.001282051282051282,NO HEDGE
2023-12-17,49149.312423,0.001349527665317139,NO HEDGE
2023-12-18,50756.771377,0.0026766595289079227,NO HEDGE
2023-12-19,52753.989143,0.002385211687537269,NO HEDGE
2023-12-20,48233.563817,0.0008499787505312367,NO HEDGE
2023-12-21,47800.119583,0.0008499787505312367,NO HEDGE
2023-12-22,46190.151906,0.001282051282051282,NO HEDGE
2023-12-23,45474.0835,0.001282051282051282,NO HEDGE
2023-12-24,44656.631001,0.00044365572315882877,NO HEDGE
2023-12-25,46348.931836,0.001282051282051282,NO HEDGE
2023-12-26,52083.226791,0.0026766595289079227,NO HEDGE
2023-12-27,51556.346777,0.0026766595289079227,NO HEDGE
2023-12-28,52732.738462,0.002385211687537269,NO HEDGE
2023-12-29,55781.488338,0.005718370264474625,NO HEDGE
2023-12-30,52889.417668,0.002385211687537269,NO HEDGE
2023-12-31,47497.035636,0.0008499787505312367,NO HEDGE
2024-01-01,49255.312657,0.001349527665317139,NO HEDGE
2024-01-02,54195.656466,0.005718370264474625,NO HEDGE
2024-01-03,52408.214998,0.0026766595289079227,NO HEDGE
2024-01-04,54097.525606,0.002385211687537269,NO HEDGE
2024-01-05,50152.424671,0.001349527665317139,NO HEDGE
2024-01-06,51052.318894,0.0026766595289079227,NO HEDGE
2024-01-07,51555.9349,0.0026766595289079227,NO HEDGE
2024-01-08,51120.926133,0.0026766595289079227,NO HEDGE
2024-01-09,58862.538954,0.0010787486515641855,NO HEDGE
2024-01-10,60700.552657,0.007263922518159807,NO HEDGE
2024-01-11,52637.107558,0.002385211687537269,NO HEDGE
2024-01-12,54581.352481,0.005718370264474625,NO HEDGE
2024-01-13,57364.240768,0.006102877070619006,NO HEDGE
2024-01-14,71007.735774,0.064,NO HEDGE
2024-01-15,76411.228833,0.09555555555555556,NO HEDGE
2024-01-16,78313.707866,0.13271604938271606,WATCH / PARTIAL HEDGE
2024-01-17,77529.227679,0.13271604938271606,WATCH / PARTIAL HEDGE
2024-01-18,60158.0381,0.007263922518159807,NO HEDGE
2024-01-19,62838.061416,0.006954102920723227,NO HEDGE
2024-01-20,68668.368623,0.027613412228796843,NO HEDGE
2024-01-21,62463.399067,0.006954102920723227,NO HEDGE
2024-01-22,58010.213148,0.0010787486515641855,NO HEDGE
2024-01-23,50884.062959,0.0026766595289079227,NO HEDGE
2024-01-24,49968.600507,0.001349527665317139,NO HEDGE
2024-01-25,48188.793157,0.0008499787505312367,NO HEDGE
2024-01-26,47853.254427,0.0008499787505312367,NO HEDGE
2024-01-27,48645.202809,0.0008499787505312367,NO HEDGE
2024-01-28,51511.292212,0.0026766595289079227,NO HEDGE
2024-01-29,54795.564214,0.005718370264474625,NO HEDGE
2024-01-30,50580.640078,0.001349527665317139,NO HEDGE
2024-01-31,49426.111986,0.001349527665317139,NO HEDGE
2024-02-01,46378.656633,0.001282051282051282,NO HEDGE
2024-02-02,45312.69055,0.00044365572315882877,NO HEDGE
2024-02-03,43525.435884,0.0004894762604013706,NO HEDGE
2024-02-04,45810.099196,0.001282051282051282,NO HEDGE
2024-02-05,47496.313187,0.0008499787505312367,NO HEDGE
2024-02-06,51083.189804,0.0026766595289079227,NO HEDGE
2024-02-07,47989.13083,0.0008499787505312367,NO HEDGE
2024-02-08,46339.768098,0.001282051282051282,NO HEDGE
2024-02-09,46241.885749,0.001282051282051282,NO HEDGE
2024-02-10,45364.495208,0.00044365572315882877,NO HEDGE
2024-02-11,47793.950102,0.0008499787505312367,NO HEDGE
2024-02-12,53037.193019,0.002385211687537269,NO HEDGE
2024-02-13,55853.861993,0.005718370264474625,NO HEDGE
2024-02-14,50887.809521,0.0026766595289079227,NO HEDGE
2024-02-15,45393.349926,0.00044365572315882877,NO HEDGE
2024-02-16,45452.598624,0.00044365572315882877,NO HEDGE
2024-02-17,53798.339197,0.002385211687537269,NO HEDGE
2024-02-18,54884.660108,0.005718370264474625,NO HEDGE
2024-02-19,55855.329108,0.005718370264474625,NO HEDGE
2024-02-20,49899.789941,0.001349527665317139,NO HEDGE
2024-02-21,48018.888569,0.0008499787505312367,NO HEDGE
2024-02-22,48882.183109,0.0008499787505312367,NO HEDGE
2024-02-23,45370.601837,0.00044365572315882877,NO HEDGE
2024-02-24,45181.673118,0.00044365572315882877,NO HEDGE
2024-02-25,47978.946865,0.0008499787505312367,NO HEDGE
2024-02-26,53812.854952,0.002385211687537269,NO HEDGE
2024-02-27,52519.430375,0.002385211687537269,NO HEDGE
2024-02-28,49817.847786,0.001349527665317139,NO HEDGE
2024-02-29,51494.044756,0.0026766595289079227,NO HEDGE
2024-03-01,50123.341218,0.001349527665317139,NO HEDGE
2024-03-02,45426.229475,0.00044365572315882877,NO HEDGE
2024-03-03,49067.154858,0.001349527665317139,NO HEDGE
2024-03-04,52721.048813,0.002385211687537269,NO HEDGE
2024-03-05,55297.951836,0.005718370264474625,NO HEDGE
2024-03-06,52405.253531,0.0026766595289079227,NO HEDGE
2024-03-07,48832.364687,0.0008499787505312367,NO HEDGE
2024-03-08,51120.032502,0.0026766595289079227,NO HEDGE
2024-03-09,44864.663991,0.00044365572315882877,NO HEDGE
2024-03-10,43101.437824,0.0004894762604013706,NO HEDGE
2024-03-11,45459.773498,0.00044365572315882877,NO HEDGE
2024-03-12,47023.923714,0.001282051282051282,NO HEDGE
2024-03-13,53206.758587,0.002385211687537269,NO HEDGE
2024-03-14,52474.358271,0.002385211687537269,NO HEDGE
2024-03-15,49788.887412,0.001349527665317139,NO HEDGE
2024-03-16,45791.440869,0.001282051282051282,NO HEDGE
2024-03-17,45969.324557,0.001282051282051282,NO HEDGE
2024-03-18,45650.279179,0.001282051282051282,NO HEDGE
2024-03-19,47538.515364,0.0008499787505312367,NO HEDGE
2024-03-20,45660.495822,0.001282051282051282,NO HEDGE
2024-03-21,45768.973656,0.001282051282051282,NO HEDGE
2024-03-22,47460.554488,0.0008499787505312367,NO HEDGE
2024-03-23,45026.97284,0.00044365572315882877,NO HEDGE
2024-03-24,46411.730497,0.001282051282051282,NO HEDGE
2024-03-25,48105.866251,0.0008499787505312367,NO HEDGE
2024-03-26,46351.004924,0.001282051282051282,NO HEDGE
2024-03-27,46466.928319,0.001282051282051282,NO HEDGE
2024-03-28,46583.594675,0.001282051282051282,NO HEDGE
2024-03-29,47496.069251,0.0008499787505312367,NO HEDGE
2024-03-30,47325.421007,0.0008499787505312367,NO HEDGE
2024-03-31,48888.739229,0.0008499787505312367,NO HEDGE
2024-04-01,54455.077057,0.005718370264474625,NO HEDGE
2024-04-02,49455.84623,0.001349527665317139,NO HEDGE
2024-04-03,47363.950957,0.0008499787505312367,NO HEDGE
2024-04-04,52589.135278,0.002385211687537269,NO HEDGE
2024-04-05,54883.304284,0.005718370264474625,NO HEDGE
2024-04-06,48666.818954,0.0008499787505312367,NO HEDGE
2024-04-07,51843.382832,0.0026766595289079227,NO HEDGE
2024-04-08,52901.368601,0.002385211687537269,NO HEDGE
2024-04-09,52152.105137,0.0026766595289079227,NO HEDGE
2024-04-10,47150.974274,0.001282051282051282,NO HEDGE
2024-04-11,49489.802422,0.001349527665317139,NO HEDGE
2024-04-12,51110.333208,0.0026766595289079227,NO HEDGE
2024-04-13,51572.799618,0.0026766595289079227,NO HEDGE
2024-04-14,55826.77349,0.005718370264474625,NO HEDGE
2024-04-15,55249.549283,0.005718370264474625,NO HEDGE
2024-04-16,56828.273126,0.006102877070619006,NO HEDGE
2024-04-17,58866.074286,0.0010787486515641855,NO HEDGE
2024-04-18,62276.774846,0.006954102920723227,NO HEDGE
2024-04-19,52663.712014,0.002385211687537269,NO HEDGE
2024-04-20,48675.163054,0.0008499787505312367,NO HEDGE
2024-04-21,44604.558972,0.00044365572315882877,NO HEDGE
2024-04-22,47140.375284,0.001282051282051282,NO HEDGE
2024-04-23,50052.384697,0.001349527665317139,NO HEDGE
2024-04-24,57960.357991,0.0010787486515641855,NO HEDGE
2024-04-25,55107.322248,0.005718370264474625,NO HEDGE
2024-04-26,55116.140842,0.005718370264474625,NO HEDGE
2024-04-27,56176.543521,0.006102877070619006,NO HEDGE
2024-04-28,54010.36109,0.002385211687537269,NO HEDGE
2024-04-29,62802.633306,0.006954102920723227,NO HEDGE
2024-04-30,63997.160881,0.004559270516717325,NO HEDGE
2024-05-01,58557.670929,0.0010787486515641855,NO HEDGE
2024-05-02,56289.637728,0.006102877070619006,NO HEDGE
2024-05-03,57260.135201,0.006102877070619006,NO HEDGE
2024-05-04,55478.345805,0.005718370264474625,NO HEDGE
2024-05-05,53566.325014,0.002385211687537269,NO HEDGE
2024-05-06,62589.127797,0.006954102920723227,NO HEDGE
2024-05-07,68621.245363,0.027613412228796843,NO HEDGE
2024-05-08,68639.290339,0.027613412228796843,NO HEDGE
2024-05-09,66443.133217,0.025996533795493933,NO HEDGE
2024-05-10,60283.702105,0.007263922518159807,NO HEDGE
2024-05-11,52857.645724,0.002385211687537269,NO HEDGE
2024-05-12,51849.333515,0.0026766595289079227,NO HEDGE
2024-05-13,56975.055548,0.006102877070619006,NO HEDGE
2024-05-14,64538.131978,0.004559270516717325,NO HEDGE
2024-05-15,68113.840181,0.027613412228796843,NO HEDGE
2024-05-16,54630.003622,0.005718370264474625,NO HEDGE
2024-05-17,55492.395016,0.005718370264474625,NO HEDGE
2024-05-18,66948.890005,0.025996533795493933,NO HEDGE
2024-05-19,69291.191943,0.027613412228796843,NO HEDGE
2024-05-20,72148.993125,0.06118143459915612,NO HEDGE
2024-05-21,70833.747968,0.064,NO HEDGE
2024-05-22,67702.747194,0.025996533795493933,NO HEDGE
2024-05-23,70414.580662,0.064,NO HEDGE
2024-05-24,72513.319356,0.06118143459915612,NO HEDGE
2024-05-25,73517.10934,0.08177570093457943,NO HEDGE
2024-05-26,73592.475274,0.08177570093457943,NO HEDGE
2024-05-27,77121.791019,0.13271604938271606,WATCH / PARTIAL HEDGE
2024-05-28,60671.080855,0.007263922518159807,NO HEDGE
2024-05-29,68256.598818,0.027613412228796843,NO HEDGE
2024-05-30,65707.293575,0.007861635220125786,NO HEDGE
2024-05-31,63881.997297,0.004559270516717325,NO HEDGE
2024-06-01,64001.391784,0.004559270516717325,NO HEDGE
2024-06-02,68895.426906,0.027613412228796843,NO HEDGE
2024-06-03,71325.924559,0.064,NO HEDGE
2024-06-04,75529.792388,0.09555555555555556,NO HEDGE
2024-06-05,69129.094584,0.027613412228796843,NO HEDGE
2024-06-06,75471.059947,0.09555555555555556,NO HEDGE
2024-06-07,76170.462189,0.09555555555555556,NO HEDGE
2024-06-08,75713.796775,0.09555555555555556,NO HEDGE
2024-06-09,74605.642794,0.08177570093457943,NO HEDGE
2024-06-10,70634.823702,0.064,NO HEDGE
2024-06-11,68303.355561,0.027613412228796843,NO HEDGE
2024-06-12,71947.83657,0.06118143459915612,NO HEDGE
2024-06-13,76011.695404,0.09555555555555556,NO HEDGE
2024-06-14,75693.893314,0.09555555555555556,NO HEDGE
2024-06-15,74838.071071,0.08177570093457943,NO HEDGE
2024-06-16,75207.324934,0.09555555555555556,NO HEDGE
2024-06-17,75890.909636,0.09555555555555556,NO HEDGE
2024-06-18,73199.83762,0.06118143459915612,NO HEDGE
2024-06-19,62445.259968,0.006954102920723227,NO HEDGE
2024-06-20,70942.829693,0.064,NO HEDGE
2024-06-21,74496.03591,0.08177570093457943,NO HEDGE
2024-06-22,74222.619482,0.08177570093457943,NO HEDGE
2024-06-23,75713.439077,0.09555555555555556,NO HEDGE
2024-06-24,77482.634308,0.13271604938271606,WATCH / PARTIAL HEDGE
2024-06-25,78547.529267,0.1700404858299595,HEDGE
2024-06-26,78395.619785,0.13271604938271606,WATCH / PARTIAL HEDGE
2024-06-27,79355.310656,0.1700404858299595,HEDGE
2024-06-28,79518.964697,0.1700404858299595,HEDGE
2024-06-29,79316.289896,0.1700404858299595,HEDGE
2024-06-30,79697.903222,0.1700404858299595,HEDGE
2024-07-01,81010.062765,0.23853211009174313,HEDGE
2024-07-02,80887.174412,0.23853211009174313,HEDGE
2024-07-03,80589.728155,0.23853211009174313,HEDGE
2024-07-04,80422.883714,0.23853211009174313,HEDGE
2024-07-05,73718.952899,0.08177570093457943,NO HEDGE
2024-07-06,71203.132803,0.064,NO HEDGE
2024-07-07,70424.857409,0.064,NO HEDGE
2024-07-08,55471.142656,0.005718370264474625,NO HEDGE
2024-07-09,65983.730407,0.007861635220125786,NO HEDGE
2024-07-10,69186.063226,0.027613412228796843,NO HEDGE
2024-07-11,69665.411795,0.027613412228796843,NO HEDGE
2024-07-12,66538.742715,0.025996533795493933,NO HEDGE
2024-07-13,67504.353946,0.025996533795493933,NO HEDGE
2024-07-14,72572.910571,0.06118143459915612,NO HEDGE
2024-07-15,79580.309836,0.1700404858299595,HEDGE
2024-07-16,79548.878336,0.1700404858299595,HEDGE
2024-07-17,74086.415462,0.08177570093457943,NO HEDGE
2024-07-18,71909.982149,0.06118143459915612,NO HEDGE
2024-07-19,74027.707108,0.08177570093457943,NO HEDGE
2024-07-20,72914.650486,0.06118143459915612,NO HEDGE
2024-07-21,67103.038355,0.025996533795493933,NO HEDGE
2024-07-22,68184.297725,0.027613412228796843,NO HEDGE
2024-07-23,64720.865329,0.007861635220125786,NO HEDGE
2024-07-24,69192.957347,0.027613412228796843,NO HEDGE
2024-07-25,66269.115303,0.007861635220125786,NO HEDGE
2024-07-26,64166.519179,0.004559270516717325,NO HEDGE
2024-07-27,65486.845573,0.007861635220125786,NO HEDGE
2024-07-28,69413.171437,0.027613412228796843,NO HEDGE
2024-07-29,79377.41193,0.1700404858299595,HEDGE
2024-07-30,79361.121965,0.1700404858299595,HEDGE
2024-07-31,79794.345958,0.1700404858299595,HEDGE
2024-08-01,79887.809277,0.1700404858299595,HEDGE
2024-08-02,80493.402036,0.23853211009174313,HEDGE
2024-08-03,79561.303851,0.1700404858299595,HEDGE
2024-08-04,76933.185663,0.13271604938271606,WATCH / PARTIAL HEDGE
2024-08-05,79683.440893,0.1700404858299595,HEDGE
2024-08-06,80542.946477,0.23853211009174313,HEDGE
2024-08-07,83378.068399,0.38028169014084506,HEDGE
2024-08-08,83634.504246,0.676923076923077,HEDGE
2024-08-09,79608.036045,0.1700404858299595,HEDGE
2024-08-10,78862.806863,0.1700404858299595,HEDGE
2024-08-11,80585.454815,0.23853211009174313,HEDGE
2024-08-12,82862.10814,0.38028169014084506,HEDGE
2024-08-13,82984.023759,0.38028169014084506,HEDGE
2024-08-14,82751.143464,0.38028169014084506,HEDGE
2024-08-15,82904.12731,0.38028169014084506,HEDGE
2024-08-16,83357.325005,0.38028169014084506,HEDGE
2024-08-17,82707.686135,0.38028169014084506,HEDGE
2024-08-18,83261.822118,0.38028169014084506,HEDGE
2024-08-19,84766.64599,0.676923076923077,HEDGE
2024-08-20,85198.85005,0.676923076923077,HEDGE
2024-08-21,84836.525402,0.676923076923077,HEDGE
2024-08-22,84916.797682,0.676923076923077,HEDGE
2024-08-23,84409.411371,0.676923076923077,HEDGE
2024-08-24,80083.582204,0.1700404858299595,HEDGE
2024-08-25,79646.023044,0.1700404858299595,HEDGE
2024-08-26,74310.667916,0.08177570093457943,NO HEDGE
2024-08-27,75057.968107,0.09555555555555556,NO HEDGE
2024-08-28,76607.274972,0.09555555555555556,NO HEDGE
2024-08-29,72807.964583,0.06118143459915612,NO HEDGE
2024-08-30,72725.33927,0.06118143459915612,NO HEDGE
2024-08-31,72043.102175,0.06118143459915612,NO HEDGE
2024-09-01,67792.780239,0.025996533795493933,NO HEDGE
2024-09-02,65937.868668,0.007861635220125786,NO HEDGE
2024-09-03,61850.968116,0.006954102920723227,NO HEDGE
2024-09-04,63198.433784,0.004559270516717325,NO HEDGE
2024-09-05,66349.972274,0.025996533795493933,NO HEDGE
2024-09-06,65579.254727,0.007861635220125786,NO HEDGE
2024-09-07,63664.447364,0.004559270516717325,NO HEDGE
2024-09-08,61329.641088,0.006954102920723227,NO HEDGE
2024-09-09,64894.051393,0.007861635220125786,NO HEDGE
2024-09-10,66418.039068,0.025996533795493933,NO HEDGE
2024-09-11,65309.014566,0.007861635220125786,NO HEDGE
2024-09-12,67624.283706,0.025996533795493933,NO HEDGE
2024-09-13,73388.627514,0.08177570093457943,NO HEDGE
2024-09-14,73284.508327,0.06118143459915612,NO HEDGE
2024-09-15,72777.79254,0.06118143459915612,NO HEDGE
2024-09-16,73483.243475,0.08177570093457943,NO HEDGE
2024-09-17,73607.012396,0.08177570093457943,NO HEDGE
2024-09-18,75990.719792,0.09555555555555556,NO HEDGE
2024-09-19,77779.533151,0.13271604938271606,WATCH / PARTIAL HEDGE
2024-09-20,77643.917038,0.13271604938271606,WATCH / PARTIAL HEDGE
2024-09-21,76202.61313,0.09555555555555556,NO HEDGE
2024-09-22,74257.64395,0.08177570093457943,NO HEDGE
2024-09-23,68387.390044,0.027613412228796843,NO HEDGE
2024-09-24,73385.915619,0.08177570093457943,NO HEDGE
2024-09-25,68443.570293,0.027613412228796843,NO HEDGE
2024-09-26,65482.843893,0.007861635220125786,NO HEDGE
2024-09-27,66139.195163,0.007861635220125786,NO HEDGE
2024-09-28,66809.285187,0.025996533795493933,NO HEDGE
2024-09-29,67933.228623,0.025996533795493933,NO HEDGE
2024-09-30,71793.976958,0.06118143459915612,NO HEDGE
2024-10-01,71453.817191,0.064,NO HEDGE
2024-10-02,71118.321291,0.064,NO HEDGE
2024-10-03,72539.57058,0.06118143459915612,NO HEDGE
2024-10-04,70270.071364,0.064,NO HEDGE
2024-10-05,66985.198445,0.025996533795493933,NO HEDGE
2024-10-06,69474.522482,0.027613412228796843,NO HEDGE
2024-10-07,71151.950022,0.064,NO HEDGE
2024-10-08,67110.289382,0.025996533795493933,NO HEDGE
2024-10-09,66185.920993,0.007861635220125786,NO HEDGE
2024-10-10,68313.845087,0.027613412228796843,NO HEDGE
2024-10-11,68136.446661,0.027613412228796843,NO HEDGE
2024-10-12,68270.167295,0.027613412228796843,NO HEDGE
2024-10-13,70320.344647,0.064,NO HEDGE
2024-10-14,68517.58148,0.027613412228796843,NO HEDGE
2024-10-15,70383.327446,0.064,NO HEDGE
2024-10-16,49793.435968,0.001349527665317139,NO HEDGE
2024-10-17,49584.261474,0.001349527665317139,NO HEDGE
2024-10-18,52317.602213,0.0026766595289079227,NO HEDGE
2024-10-19,54479.785425,0.005718370264474625,NO HEDGE
2024-10-20,56944.599466,0.006102877070619006,NO HEDGE
2024-10-21,60812.125343,0.007263922518159807,NO HEDGE
2024-10-22,64065.605025,0.004559270516717325,NO HEDGE
2024-10-23,67642.87659,0.025996533795493933,NO HEDGE
2024-10-24,67028.839937,0.025996533795493933,NO HEDGE
2024-10-25,67265.410981,0.025996533795493933,NO HEDGE
2024-10-26,63669.019642,0.004559270516717325,NO HEDGE
2024-10-27,64348.166876,0.004559270516717325,NO HEDGE
2024-10-28,65872.153095,0.007861635220125786,NO HEDGE
2024-10-29,64854.349294,0.007861635220125786,NO HEDGE
2024-10-30,66059.413279,0.007861635220125786,NO HEDGE
2024-10-31,59252.508027,0.0010787486515641855,NO HEDGE
2024-11-01,54193.499419,0.005718370264474625,NO HEDGE
2024-11-02,54054.579617,0.002385211687537269,NO HEDGE
2024-11-03,57656.620076,0.0010787486515641855,NO HEDGE
2024-11-04,60169.923833,0.007263922518159807,NO HEDGE
2024-11-05,51013.344158,0.0026766595289079227,NO HEDGE
2024-11-06,53385.515161,0.002385211687537269,NO HEDGE
2024-11-07,57425.4371,0.006102877070619006,NO HEDGE
2024-11-08,57435.590658,0.006102877070619006,NO HEDGE
2024-11-09,51864.794621,0.0026766595289079227,NO HEDGE
2024-11-10,54712.589353,0.005718370264474625,NO HEDGE
2024-11-11,56909.200275,0.006102877070619006,NO HEDGE
2024-11-12,54583.42031,0.005718370264474625,NO HEDGE
2024-11-13,55213.48182,0.005718370264474625,NO HEDGE
2024-11-14,49541.9195,0.001349527665317139,NO HEDGE
2024-11-15,48861.851224,0.0008499787505312367,NO HEDGE
2024-11-16,49649.433586,0.001349527665317139,NO HEDGE
2024-11-17,53600.522202,0.002385211687537269,NO HEDGE
2024-11-18,53167.933688,0.002385211687537269,NO HEDGE
2024-11-19,51518.530041,0.0026766595289079227,NO HEDGE
2024-11-20,47084.708826,0.001282051282051282,NO HEDGE
2024-11-21,48390.235168,0.0008499787505312367,NO HEDGE
2024-11-22,48203.886709,0.0008499787505312367,NO HEDGE
2024-11-23,47875.100915,0.0008499787505312367,NO HEDGE
2024-11-24,51086.679663,0.0026766595289079227,NO HEDGE
2024-11-25,53713.849578,0.002385211687537269,NO HEDGE
2024-11-26,48777.538047,0.0008499787505312367,NO HEDGE
2024-11-27,51709.082759,0.0026766595289079227,NO HEDGE
2024-11-28,48221.297698,0.0008499787505312367,NO HEDGE
2024-11-29,48196.280694,0.0008499787505312367,NO HEDGE
2024-11-30,48705.352568,0.0008499787505312367,NO HEDGE
2024-12-01,48441.95683,0.0008499787505312367,NO HEDGE
2024-12-02,51320.62816,0.0026766595289079227,NO HEDGE
2024-12-03,51353.610707,0.0026766595289079227,NO HEDGE
2024-12-04,50979.540196,0.0026766595289079227,NO HEDGE
2024-12-05,51471.057213,0.0026766595289079227,NO HEDGE
2024-12-06,54973.739345,0.005718370264474625,NO HEDGE
2024-12-07,53063.081782,0.002385211687537269,NO HEDGE
2024-12-08,50432.701623,0.001349527665317139,NO HEDGE
2024-12-09,50578.94796,0.001349527665317139,NO HEDGE
2024-12-10,55383.36086,0.005718370264474625,NO HEDGE
2024-12-11,60235.019311,0.007263922518159807,NO HEDGE
2024-12-12,59155.81233,0.0010787486515641855,NO HEDGE
2024-12-13,50414.060371,0.001349527665317139,NO HEDGE
2024-12-14,48523.779337,0.0008499787505312367,NO HEDGE
2024-12-15,51732.913175,0.0026766595289079227,NO HEDGE
2024-12-16,53226.460503,0.002385211687537269,NO HEDGE
2024-12-17,52441.044826,0.002385211687537269,NO HEDGE
2024-12-18,50799.602286,0.0026766595289079227,NO HEDGE
2024-12-19,53336.773191,0.002385211687537269,NO HEDGE
2024-12-20,51477.791961,0.0026766595289079227,NO HEDGE
2024-12-21,52693.049317,0.002385211687537269,NO HEDGE
2024-12-22,49594.589163,0.001349527665317139,NO HEDGE
2024-12-23,49008.105483,0.001349527665317139,NO HEDGE
2024-12-24,48628.83904,0.0008499787505312367,NO HEDGE
2024-12-25,45559.990722,0.001282051282051282,NO HEDGE
2024-12-26,48873.077971,0.0008499787505312367,NO HEDGE
2024-12-27,49136.332754,0.001349527665317139,NO HEDGE
2024-12-28,48603.700457,0.0008499787505312367,NO HEDGE
2024-12-29,47487.062273,0.0008499787505312367,NO HEDGE
2024-12-30,50507.167436,0.001349527665317139,NO HEDGE
2024-12-31,48175.877538,0.0008499787505312367,NO HEDGE
2025-01-01,48220.879017,0.0008499787505312367,NO HEDGE
2025-01-02,51886.809786,0.0026766595289079227,NO HEDGE
2025-01-03,48968.538484,0.001349527665317139,NO HEDGE
2025-01-04,48396.780983,0.0008499787505312367,NO HEDGE
2025-01-05,57136.669486,0.006102877070619006,NO HEDGE
2025-01-06,67859.42682,0.025996533795493933,NO HEDGE
2025-01-07,69014.782634,0.027613412228796843,NO HEDGE
2025-01-08,67609.367589,0.025996533795493933,NO HEDGE
2025-01-09,68396.055732,0.027613412228796843,NO HEDGE
2025-01-10,66675.567983,0.025996533795493933,NO HEDGE
2025-01-11,67117.888251,0.025996533795493933,NO HEDGE
2025-01-12,56690.895451,0.006102877070619006,NO HEDGE
2025-01-13,61133.938832,0.006954102920723227,NO HEDGE
2025-01-14,63318.565616,0.004559270516717325,NO HEDGE
2025-01-15,57016.317767,0.006102877070619006,NO HEDGE
2025-01-16,60465.892449,0.007263922518159807,NO HEDGE
2025-01-17,55703.842248,0.005718370264474625,NO HEDGE
2025-01-18,55596.437703,0.005718370264474625,NO HEDGE
2025-01-19,67321.391543,0.025996533795493933,NO HEDGE
2025-01-20,74130.405164,0.08177570093457943,NO HEDGE
2025-01-21,74241.235782,0.08177570093457943,NO HEDGE
2025-01-22,77478.268454,0.13271604938271606,WATCH / PARTIAL HEDGE
2025-01-23,69307.519893,0.027613412228796843,NO HEDGE
2025-01-24,70623.784529,0.064,NO HEDGE
2025-01-25,59485.794978,0.007263922518159807,NO HEDGE
2025-01-26,53592.648105,0.002385211687537269,NO HEDGE
2025-01-27,57593.035661,0.006102877070619006,NO HEDGE
2025-01-28,53062.787823,0.002385211687537269,NO HEDGE
2025-01-29,50916.254332,0.0026766595289079227,NO HEDGE
2025-01-30,49060.910824,0.001349527665317139,NO HEDGE
2025-01-31,51729.7224,0.0026766595289079227,NO HEDGE
2025-02-01,51018.860949,0.0026766595289079227,NO HEDGE
2025-02-02,48411.30266,0.0008499787505312367,NO HEDGE
2025-02-03,52391.820175,0.0026766595289079227,NO HEDGE
2025-02-04,51887.955622,0.0026766595289079227,NO HEDGE
2025-02-05,52032.884353,0.0026766595289079227,NO HEDGE
2025-02-06,54661.046974,0.005718370264474625,NO HEDGE
2025-02-07,53484.465875,0.002385211687537269,NO HEDGE
2025-02-08,55730.938071,0.005718370264474625,NO HEDGE
2025-02-09,52519.616248,0.002385211687537269,NO HEDGE
2025-02-10,54510.042007,0.005718370264474625,NO HEDGE
2025-02-11,55289.020134,0.005718370264474625,NO HEDGE
2025-02-12,57997.484175,0.0010787486515641855,NO HEDGE
2025-02-13,64510.929358,0.004559270516717325,NO HEDGE
2025-02-14,60042.390905,0.007263922518159807,NO HEDGE
2025-02-15,49992.433972,0.001349527665317139,NO HEDGE
2025-02-16,56267.309111,0.006102877070619006,NO HEDGE
2025-02-17,62802.91999,0.006954102920723227,NO HEDGE
2025-02-18,63429.278048,0.004559270516717325,NO HEDGE
2025-02-19,76886.704538,0.13271604938271606,WATCH / PARTIAL HEDGE
2025-02-20,80524.699422,0.23853211009174313,HEDGE
2025-02-21,72617.894317,0.06118143459915612,NO HEDGE
2025-02-22,66492.986732,0.025996533795493933,NO HEDGE
2025-02-23,55173.030432,0.005718370264474625,NO HEDGE
2025-02-24,55521.107612,0.005718370264474625,NO HEDGE
2025-02-25,49729.937201,0.001349527665317139,NO HEDGE
2025-02-26,50991.441587,0.0026766595289079227,NO HEDGE
2025-02-27,47992.521232,0.0008499787505312367,NO HEDGE
2025-02-28,49530.304455,0.001349527665317139,NO HEDGE
2025-03-01,49596.642714,0.001349527665317139,NO HEDGE
2025-03-02,48734.973464,0.0008499787505312367,NO HEDGE
2025-03-03,52867.811407,0.002385211687537269,NO HEDGE
2025-03-04,49702.076813,0.001349527665317139,NO HEDGE
2025-03-05,48142.252858,0.0008499787505312367,NO HEDGE
2025-03-06,51067.011617,0.0026766595289079227,NO HEDGE
2025-03-07,52050.764775,0.0026766595289079227,NO HEDGE
2025-03-08,52524.059087,0.002385211687537269,NO HEDGE
2025-03-09,48503.249377,0.0008499787505312367,NO HEDGE
2025-03-10,52199.32662,0.0026766595289079227,NO HEDGE
2025-03-11,50556.005695,0.001349527665317139,NO HEDGE
2025-03-12,54387.065552,0.005718370264474625,NO HEDGE
2025-03-13,57170.107507,0.006102877070619006,NO HEDGE
2025-03-14,57125.960228,0.006102877070619006,NO HEDGE
2025-03-15,48127.111973,0.0008499787505312367,NO HEDGE
2025-03-16,47576.909447,0.0008499787505312367,NO HEDGE
2025-03-17,52052.238274,0.0026766595289079227,NO HEDGE
2025-03-18,54832.85255,0.005718370264474625,NO HEDGE
2025-03-19,50623.906212,0.001349527665317139,NO HEDGE
2025-03-20,47843.428209,0.0008499787505312367,NO HEDGE
2025-03-21,49147.533429,0.001349527665317139,NO HEDGE
2025-03-22,52031.52558,0.0026766595289079227,NO HEDGE
2025-03-23,55788.220781,0.005718370264474625,NO HEDGE
2025-03-24,58213.52403,0.0010787486515641855,NO HEDGE
2025-03-25,62920.405748,0.004559270516717325,NO HEDGE
2025-03-26,54593.864734,0.005718370264474625,NO HEDGE
2025-03-27,50417.73124,0.001349527665317139,NO HEDGE
2025-03-28,49967.442875,0.001349527665317139,NO HEDGE
2025-03-29,59766.158511,0.007263922518159807,NO HEDGE
2025-03-30,57613.217684,0.006102877070619006,NO HEDGE
2025-03-31,57691.85185,0.0010787486515641855,NO HEDGE
2025-04-01,57615.238244,0.006102877070619006,NO HEDGE
2025-04-02,58699.65566,0.0010787486515641855,NO HEDGE
2025-04-03,59742.75181,0.007263922518159807,NO HEDGE
2025-04-04,57780.29703,0.0010787486515641855,NO HEDGE
2025-04-05,50933.13616,0.0026766595289079227,NO HEDGE
2025-04-06,48823.778021,0.0008499787505312367,NO HEDGE
2025-04-07,51408.290356,0.0026766595289079227,NO HEDGE
2025-04-08,50351.902233,0.001349527665317139,NO HEDGE
2025-04-09,54498.417248,0.005718370264474625,NO HEDGE
2025-04-10,60925.739683,0.007263922518159807,NO HEDGE
2025-04-11,60138.220451,0.007263922518159807,NO HEDGE
2025-04-12,58705.081893,0.0010787486515641855,NO HEDGE
2025-04-13,62970.987711,0.004559270516717325,NO HEDGE
2025-04-14,65613.500952,0.007861635220125786,NO HEDGE
2025-04-15,56148.817271,0.006102877070619006,NO HEDGE
2025-04-16,60300.882859,0.007263922518159807,NO HEDGE
2025-04-17,62721.765011,0.006954102920723227,NO HEDGE
2025-04-18,62359.37663,0.006954102920723227,NO HEDGE
2025-04-19,55125.647091,0.005718370264474625,NO HEDGE
2025-04-20,54864.728116,0.005718370264474625,NO HEDGE
2025-04-21,61146.887306,0.006954102920723227,NO HEDGE
2025-04-22,64872.604352,0.007861635220125786,NO HEDGE
2025-04-23,59459.389404,0.007263922518159807,NO HEDGE
2025-04-24,57920.539768,0.0010787486515641855,NO HEDGE
2025-04-25,62167.226383,0.006954102920723227,NO HEDGE
2025-04-26,61154.506969,0.006954102920723227,NO HEDGE
2025-04-27,62719.830914,0.006954102920723227,NO HEDGE
2025-04-28,63201.598997,0.004559270516717325,NO HEDGE
2025-04-29,63197.438934,0.004559270516717325,NO HEDGE
2025-04-30,59318.841377,0.0010787486515641855,NO HEDGE
2025-05-01,61919.980052,0.006954102920723227,NO HEDGE
2025-05-02,55986.433395,0.006102877070619006,NO HEDGE
2025-05-03,52923.558563,0.002385211687537269,NO HEDGE
2025-05-04,55580.760241,0.005718370264474625,NO HEDGE
2025-05-05,52633.331378,0.002385211687537269,NO HEDGE
2025-05-06,56415.868338,0.006102877070619006,NO HEDGE
2025-05-07,61613.379087,0.006954102920723227,NO HEDGE
2025-05-08,59798.185544,0.007263922518159807,NO HEDGE
2025-05-09,57329.000759,0.006102877070619006,NO HEDGE
2025-05-10,54947.361181,0.005718370264474625,NO HEDGE
2025-05-11,54280.003319,0.005718370264474625,NO HEDGE
2025-05-12,65287.378693,0.007861635220125786,NO HEDGE
2025-05-13,74111.700039,0.08177570093457943,NO HEDGE
2025-05-14,77064.132826,0.13271604938271606,WATCH / PARTIAL HEDGE
2025-05-15,73215.832815,0.06118143459915612,NO HEDGE
2025-05-16,74330.184618,0.08177570093457943,NO HEDGE
2025-05-17,74384.488875,0.08177570093457943,NO HEDGE
2025-05-18,68532.637037,0.027613412228796843,NO HEDGE
2025-05-19,70312.013164,0.064,NO HEDGE
2025-05-20,71534.259053,0.064,NO HEDGE
2025-05-21,70423.370088,0.064,NO HEDGE
2025-05-22,76285.152833,0.09555555555555556,NO HEDGE
2025-05-23,78391.834411,0.13271604938271606,WATCH / PARTIAL HEDGE
2025-05-24,76282.602527,0.09555555555555556,NO HEDGE
2025-05-25,75908.055032,0.09555555555555556,NO HEDGE
2025-05-26,62076.388852,0.006954102920723227,NO HEDGE
2025-05-27,69970.285689,0.064,NO HEDGE
2025-05-28,64045.460155,0.004559270516717325,NO HEDGE
2025-05-29,72190.676315,0.06118143459915612,NO HEDGE
2025-05-30,65193.094827,0.007861635220125786,NO HEDGE
2025-05-31,68647.188643,0.027613412228796843,NO HEDGE
2025-06-01,72355.757365,0.06118143459915612,NO HEDGE
2025-06-02,76106.582515,0.09555555555555556,NO HEDGE
2025-06-03,74772.160051,0.08177570093457943,NO HEDGE
2025-06-04,69410.267427,0.027613412228796843,NO HEDGE
2025-06-05,76037.704348,0.09555555555555556,NO HEDGE
2025-06-06,76012.858868,0.09555555555555556,NO HEDGE
2025-06-07,75622.044182,0.09555555555555556,NO HEDGE
2025-06-08,76466.582535,0.09555555555555556,NO HEDGE
2025-06-09,75599.702475,0.09555555555555556,NO HEDGE
2025-06-10,70185.339888,0.064,NO HEDGE
2025-06-11,63402.116856,0.004559270516717325,NO HEDGE
2025-06-12,63574.374672,0.004559270516717325,NO HEDGE
2025-06-13,75641.841807,0.09555555555555556,NO HEDGE
2025-06-14,74515.953517,0.08177570093457943,NO HEDGE
2025-06-15,66460.169452,0.025996533795493933,NO HEDGE
2025-06-16,75573.764591,0.09555555555555556,NO HEDGE
2025-06-17,75933.365588,0.09555555555555556,NO HEDGE
2025-06-18,75972.657697,0.09555555555555556,NO HEDGE
2025-06-19,77350.999293,0.13271604938271606,WATCH / PARTIAL HEDGE
2025-06-20,77007.304456,0.13271604938271606,WATCH / PARTIAL HEDGE
2025-06-21,75593.562281,0.09555555555555556,NO HEDGE
2025-06-22,76079.145637,0.09555555555555556,NO HEDGE
2025-06-23,76885.468888,0.13271604938271606,WATCH / PARTIAL HEDGE
2025-06-24,76790.77703,0.13271604938271606,WATCH / PARTIAL HEDGE
2025-06-25,74320.119223,0.08177570093457943,NO HEDGE
2025-06-26,75498.061629,0.09555555555555556,NO HEDGE
2025-06-27,76714.509638,0.09555555555555556,NO HEDGE
2025-06-28,76763.763386,0.13271604938271606,WATCH / PARTIAL HEDGE
2025-06-29,73871.574966,0.08177570093457943,NO HEDGE
2025-06-30,76031.626628,0.09555555555555556,NO HEDGE
2025-07-01,75415.940998,0.09555555555555556,NO HEDGE
2025-07-02,74554.370829,0.08177570093457943,NO HEDGE
2025-07-03,67465.892679,0.025996533795493933,NO HEDGE
2025-07-04,67573.795058,0.025996533795493933,NO HEDGE
2025-07-05,65319.878866,0.007861635220125786,NO HEDGE
2025-07-06,69489.204505,0.027613412228796843,NO HEDGE
2025-07-07,74365.949652,0.08177570093457943,NO HEDGE
2025-07-08,73366.669709,0.08177570093457943,NO HEDGE
2025-07-09,73589.55029,0.08177570093457943,NO HEDGE
2025-07-10,76877.539004,0.13271604938271606,WATCH / PARTIAL HEDGE
2025-07-11,75298.47404,0.09555555555555556,NO HEDGE
2025-07-12,73684.567896,0.08177570093457943,NO HEDGE
2025-07-13,68949.742293,0.027613412228796843,NO HEDGE
2025-07-14,75718.385093,0.09555555555555556,NO HEDGE
2025-07-15,78057.727189,0.13271604938271606,WATCH / PARTIAL HEDGE
2025-07-16,78619.285257,0.1700404858299595,HEDGE
2025-07-17,78454.224216,0.13271604938271606,WATCH / PARTIAL HEDGE
2025-07-18,78143.181492,0.13271604938271606,WATCH / PARTIAL HEDGE
2025-07-19,77797.072689,0.13271604938271606,WATCH / PARTIAL HEDGE
2025-07-20,77464.369031,0.13271604938271606,WATCH / PARTIAL HEDGE
2025-07-21,79321.564532,0.1700404858299595,HEDGE
2025-07-22,79789.183381,0.1700404858299595,HEDGE
2025-07-23,80893.049438,0.23853211009174313,HEDGE
2025-07-24,81674.882734,0.23853211009174313,HEDGE
2025-07-25,78542.464935,0.1700404858299595,HEDGE
2025-07-26,75768.448612,0.09555555555555556,NO HEDGE
2025-07-27,77555.187761,0.13271604938271606,WATCH / PARTIAL HEDGE
2025-07-28,81414.826338,0.23853211009174313,HEDGE
2025-07-29,81688.903671,0.23853211009174313,HEDGE
2025-07-30,81706.531132,0.23853211009174313,HEDGE
2025-07-31,81383.39967,0.23853211009174313,HEDGE
2025-08-01,81239.57823,0.23853211009174313,HEDGE
2025-08-02,75128.71447,0.09555555555555556,NO HEDGE
2025-08-03,77526.460136,0.13271604938271606,WATCH / PARTIAL HEDGE
2025-08-04,76587.001909,0.09555555555555556,NO HEDGE
2025-08-05,80851.176498,0.23853211009174313,HEDGE
2025-08-06,81291.677099,0.23853211009174313,HEDGE
2025-08-07,82111.271583,0.38028169014084506,HEDGE
2025-08-08,82589.021176,0.38028169014084506,HEDGE
2025-08-09,82079.043659,0.38028169014084506,HEDGE
2025-08-10,81190.548845,0.23853211009174313,HEDGE
2025-08-11,82061.278338,0.38028169014084506,HEDGE
2025-08-12,81366.639331,0.23853211009174313,HEDGE
2025-08-13,81212.31929,0.23853211009174313,HEDGE
2025-08-14,82757.910024,0.38028169014084506,HEDGE
2025-08-15,81229.635681,0.23853211009174313,HEDGE
2025-08-16,79345.231093,0.1700404858299595,HEDGE
2025-08-17,81823.878801,0.23853211009174313,HEDGE
2025-08-18,83679.001697,0.676923076923077,HEDGE
2025-08-19,82053.227132,0.38028169014084506,HEDGE
2025-08-20,79731.054883,0.1700404858299595,HEDGE
2025-08-21,79433.264983,0.1700404858299595,HEDGE
2025-08-22,77325.509664,0.13271604938271606,WATCH / PARTIAL HEDGE
2025-08-23,77645.206649,0.13271604938271606,WATCH / PARTIAL HEDGE
2025-08-24,81746.959742,0.23853211009174313,HEDGE
2025-08-25,82580.922424,0.38028169014084506,HEDGE
2025-08-26,77473.130152,0.13271604938271606,WATCH / PARTIAL HEDGE
2025-08-27,79676.57533,0.1700404858299595,HEDGE
2025-08-28,82907.273669,0.38028169014084506,HEDGE
2025-08-29,76440.905923,0.09555555555555556,NO HEDGE
2025-08-30,71379.003357,0.064,NO HEDGE
2025-08-31,66488.522807,0.025996533795493933,NO HEDGE
2025-09-01,71862.917483,0.06118143459915612,NO HEDGE
2025-09-02,76036.820989,0.09555555555555556,NO HEDGE
2025-09-03,76095.87501,0.09555555555555556,NO HEDGE
2025-09-04,79917.516334,0.1700404858299595,HEDGE
2025-09-05,78986.153322,0.1700404858299595,HEDGE
2025-09-06,65615.484742,0.007861635220125786,NO HEDGE
2025-09-07,62239.564186,0.006954102920723227,NO HEDGE
2025-09-08,69978.936047,0.064,NO HEDGE
2025-09-09,72256.584543,0.06118143459915612,NO HEDGE
2025-09-10,76745.319647,0.13271604938271606,WATCH / PARTIAL HEDGE
2025-09-11,78122.954694,0.13271604938271606,WATCH / PARTIAL HEDGE
2025-09-12,78448.123903,0.13271604938271606,WATCH / PARTIAL HEDGE
2025-09-13,76038.785912,0.09555555555555556,NO HEDGE
2025-09-14,75304.856332,0.09555555555555556,NO HEDGE
2025-09-15,78196.82626,0.13271604938271606,WATCH / PARTIAL HEDGE
2025-09-16,78004.938117,0.13271604938271606,WATCH / PARTIAL HEDGE
2025-09-17,77927.306701,0.13271604938271606,WATCH / PARTIAL HEDGE
2025-09-18,76873.478532,0.13271604938271606,WATCH / PARTIAL HEDGE
2025-09-19,77814.050406,0.13271604938271606,WATCH / PARTIAL HEDGE
2025-09-20,75880.673937,0.09555555555555556,NO HEDGE
2025-09-21,76311.706172,0.09555555555555556,NO HEDGE
2025-09-22,78973.41926,0.1700404858299595,HEDGE
2025-09-23,79119.851954,0.1700404858299595,HEDGE
2025-09-24,72246.732539,0.06118143459915612,NO HEDGE
2025-09-25,71859.37779,0.06118143459915612,NO HEDGE
2025-09-26,72227.384675,0.06118143459915612,NO HEDGE
2025-09-27,70975.557835,0.064,NO HEDGE
2025-09-28,69176.347312,0.027613412228796843,NO HEDGE
2025-09-29,70622.500565,0.064,NO HEDGE
2025-09-30,73977.059614,0.08177570093457943,NO HEDGE
2025-10-01,75543.899323,0.09555555555555556,NO HEDGE
2025-10-02,75889.15969,0.09555555555555556,NO HEDGE
2025-10-03,74961.332653,0.08177570093457943,NO HEDGE
2025-10-04,69868.032212,0.064,NO HEDGE
2025-10-05,72043.096791,0.06118143459915612,NO HEDGE
2025-10-06,75350.643964,0.09555555555555556,NO HEDGE
2025-10-07,74878.429327,0.08177570093457943,NO HEDGE
2025-10-08,73875.275216,0.08177570093457943,NO HEDGE
2025-10-09,73907.236543,0.08177570093457943,NO HEDGE
2025-10-10,70771.970119,0.064,NO HEDGE
2025-10-11,68417.557936,0.027613412228796843,NO HEDGE
2025-10-12,68008.056197,0.025996533795493933,NO HEDGE
2025-10-13,70589.276393,0.064,NO HEDGE
2025-10-14,70146.832366,0.064,NO HEDGE
2025-10-15,69228.168961,0.027613412228796843,NO HEDGE
2025-10-16,65312.333055,0.007861635220125786,NO HEDGE
2025-10-17,70740.239532,0.064,NO HEDGE
2025-10-18,66809.928246,0.025996533795493933,NO HEDGE
2025-10-19,61308.85247,0.006954102920723227,NO HEDGE
2025-10-20,69996.079021,0.064,NO HEDGE
2025-10-21,66985.848381,0.025996533795493933,NO HEDGE
2025-10-22,61579.292886,0.006954102920723227,NO HEDGE
2025-10-23,64672.433327,0.007861635220125786,NO HEDGE
2025-10-24,62204.62035,0.006954102920723227,NO HEDGE
2025-10-25,56191.432796,0.006102877070619006,NO HEDGE
2025-10-26,59182.468775,0.0010787486515641855,NO HEDGE
2025-10-27,65690.729029,0.007861635220125786,NO HEDGE
2025-10-28,61599.034919,0.006954102920723227,NO HEDGE
2025-10-29,49382.930595,0.001349527665317139,NO HEDGE
2025-10-30,49282.523709,0.001349527665317139,NO HEDGE
2025-10-31,49603.796958,0.001349527665317139,NO HEDGE
2025-11-01,48917.960395,0.0008499787505312367,NO HEDGE
2025-11-02,48955.041735,0.001349527665317139,NO HEDGE
2025-11-03,52512.596734,0.002385211687537269,NO HEDGE
2025-11-04,53990.201815,0.002385211687537269,NO HEDGE
2025-11-05,58173.433874,0.0010787486515641855,NO HEDGE
2025-11-06,59488.600805,0.007263922518159807,NO HEDGE
2025-11-07,61485.143608,0.006954102920723227,NO HEDGE
2025-11-08,59772.399257,0.007263922518159807,NO HEDGE
2025-11-09,50005.386149,0.001349527665317139,NO HEDGE
2025-11-10,52122.92774,0.0026766595289079227,NO HEDGE
2025-11-11,53399.71095,0.002385211687537269,NO HEDGE
2025-11-12,53922.413568,0.002385211687537269,NO HEDGE
2025-11-13,57786.340394,0.0010787486515641855,NO HEDGE
2025-11-14,59974.630451,0.007263922518159807,NO HEDGE
2025-11-15,60488.24078,0.007263922518159807,NO HEDGE
2025-11-16,60918.091626,0.007263922518159807,NO HEDGE
2025-11-17,64698.072221,0.007861635220125786,NO HEDGE
2025-11-18,63697.690945,0.004559270516717325,NO HEDGE
2025-11-19,62578.964229,0.006954102920723227,NO HEDGE
2025-11-20,58785.774011,0.0010787486515641855,NO HEDGE
2025-11-21,59451.198942,0.007263922518159807,NO HEDGE
2025-11-22,53436.645363,0.002385211687537269,NO HEDGE
2025-11-23,50844.794113,0.0026766595289079227,NO HEDGE
2025-11-24,54410.928536,0.005718370264474625,NO HEDGE
2025-11-25,55947.204128,0.006102877070619006,NO HEDGE
2025-11-26,50032.598212,0.001349527665317139,NO HEDGE
2025-11-27,49135.940519,0.001349527665317139,NO HEDGE
2025-11-28,49608.436382,0.001349527665317139,NO HEDGE
2025-11-29,50873.704459,0.0026766595289079227,NO HEDGE
2025-11-30,55241.545302,0.005718370264474625,NO HEDGE
2025-12-01,58998.727666,0.0010787486515641855,NO HEDGE
2025-12-02,60635.321813,0.007263922518159807,NO HEDGE
2025-12-03,57996.687786,0.0010787486515641855,NO HEDGE
2025-12-04,58090.659169,0.0010787486515641855,NO HEDGE
2025-12-05,58530.712222,0.0010787486515641855,NO HEDGE
2025-12-06,52617.405548,0.002385211687537269,NO HEDGE
2025-12-07,53302.891643,0.002385211687537269,NO HEDGE
2025-12-08,58658.413884,0.0010787486515641855,NO HEDGE
2025-12-09,60393.919567,0.007263922518159807,NO HEDGE
2025-12-10,54584.478039,0.005718370264474625,NO HEDGE
2025-12-11,57261.642254,0.006102877070619006,NO HEDGE
2025-12-12,52089.565175,0.0026766595289079227,NO HEDGE
2025-12-13,51672.472416,0.0026766595289079227,NO HEDGE
2025-12-14,57366.374079,0.006102877070619006,NO HEDGE
2025-12-15,63130.746827,0.004559270516717325,NO HEDGE
2025-12-16,57797.628514,0.0010787486515641855,NO HEDGE
2025-12-17,50467.954303,0.001349527665317139,NO HEDGE
2025-12-18,52380.176596,0.0026766595289079227,NO HEDGE
2025-12-19,55284.895642,0.005718370264474625,NO HEDGE
2025-12-20,50414.240377,0.001349527665317139,NO HEDGE
2025-12-21,51572.107092,0.0026766595289079227,NO HEDGE
2025-12-22,54787.53189,0.005718370264474625,NO HEDGE
2025-12-23,56287.040289,0.006102877070619006,NO HEDGE
2025-12-24,55598.602975,0.005718370264474625,NO HEDGE
2025-12-25,52468.560493,0.002385211687537269,NO HEDGE
2025-12-26,57457.974104,0.006102877070619006,NO HEDGE
2025-12-27,55892.486012,0.006102877070619006,NO HEDGE
2025-12-28,54710.54162,0.005718370264474625,NO HEDGE
2025-12-29,59832.974794,0.007263922518159807,NO HEDGE
2025-12-30,59587.916364,0.007263922518159807,NO HEDGE
2025-12-31,58890.225409,0.0010787486515641855,NO HEDGE
2026-01-01,48980.306254,0.001349527665317139,NO HEDGE
2026-01-02,52515.439386,0.002385211687537269,NO HEDGE
2026-01-03,50069.760481,0.001349527665317139,NO HEDGE
2026-01-04,50345.961667,0.001349527665317139,NO HEDGE
2026-01-05,53310.049675,0.002385211687537269,NO HEDGE
2026-01-06,54505.863682,0.005718370264474625,NO HEDGE
2026-01-07,54450.409626,0.005718370264474625,NO HEDGE
2026-01-08,54527.237983,0.005718370264474625,NO HEDGE
2026-01-09,52899.635266,0.002385211687537269,NO HEDGE
2026-01-10,53453.01089,0.002385211687537269,NO HEDGE
2026-01-11,55222.625101,0.005718370264474625,NO HEDGE
2026-01-12,58520.246225,0.0010787486515641855,NO HEDGE
2026-01-13,55109.681065,0.005718370264474625,NO HEDGE
2026-01-14,54860.199239,0.005718370264474625,NO HEDGE
2026-01-15,60382.559772,0.007263922518159807,NO HEDGE
2026-01-16,56087.504252,0.006102877070619006,NO HEDGE
2026-01-17,58420.928479,0.0010787486515641855,NO HEDGE
2026-01-18,64128.3109,0.004559270516717325,NO HEDGE
2026-01-19,62008.489616,0.006954102920723227,NO HEDGE
2026-01-20,60761.329442,0.007263922518159807,NO HEDGE
2026-01-21,52331.931866,0.0026766595289079227,NO HEDGE
2026-01-22,53347.802453,0.002385211687537269,NO HEDGE
2026-01-23,57914.607078,0.0010787486515641855,NO HEDGE
2026-01-24,70522.511668,0.064,NO HEDGE
2026-01-25,74287.726262,0.08177570093457943,NO HEDGE
2026-01-26,75571.570086,0.09555555555555556,NO HEDGE
2026-01-27,74369.587797,0.08177570093457943,NO HEDGE
2026-01-28,68122.75327,0.027613412228796843,NO HEDGE
2026-01-29,65731.592689,0.007861635220125786,NO HEDGE
2026-01-30,64361.491614,0.004559270516717325,NO HEDGE
2026-01-31,69823.436411,0.064,NO HEDGE
2026-02-01,69611.88717,0.027613412228796843,NO HEDGE
2026-02-02,64863.537812,0.007861635220125786,NO HEDGE
2026-02-03,51847.299309,0.0026766595289079227,NO HEDGE
2026-02-04,55732.109659,0.005718370264474625,NO HEDGE
2026-02-05,61552.886348,0.006954102920723227,NO HEDGE
2026-02-06,55076.022118,0.005718370264474625,NO HEDGE
2026-02-07,49034.483032,0.001349527665317139,NO HEDGE
2026-02-08,50139.790168,0.001349527665317139,NO HEDGE
2026-02-09,53477.297806,0.002385211687537269,NO HEDGE
2026-02-10,52251.735362,0.0026766595289079227,NO HEDGE
2026-02-11,52257.711837,0.0026766595289079227,NO HEDGE
2026-02-12,52581.511017,0.002385211687537269,NO HEDGE
2026-02-13,53209.505744,0.002385211687537269,NO HEDGE
2026-02-14,50659.767027,0.001349527665317139,NO HEDGE
2026-02-15,49819.242582,0.001349527665317139,NO HEDGE
2026-02-16,52890.245789,0.002385211687537269,NO HEDGE
2026-02-17,54573.481015,0.005718370264474625,NO HEDGE
2026-02-18,54503.292038,0.005718370264474625,NO HEDGE
2026-02-19,56053.567672,0.006102877070619006,NO HEDGE
2026-02-20,53302.001785,0.002385211687537269,NO HEDGE
2026-02-21,50213.48475,0.001349527665317139,NO HEDGE
2026-02-22,51150.764798,0.0026766595289079227,NO HEDGE
2026-02-23,57982.751446,0.0010787486515641855,NO HEDGE
2026-02-24,56868.256153,0.006102877070619006,NO HEDGE
2026-02-25,54191.322823,0.005718370264474625,NO HEDGE
2026-02-26,58082.50336,0.0010787486515641855,NO HEDGE
2026-02-27,58448.561849,0.0010787486515641855,NO HEDGE
2026-02-28,56546.386849,0.006102877070619006,NO HEDGE
2026-03-01,56379.597058,0.006102877070619006,NO HEDGE
2026-03-02,59550.565691,0.007263922518159807,NO HEDGE
2026-03-03,61623.117749,0.006954102920723227,NO HEDGE
2026-03-04,60234.786342,0.007263922518159807,NO HEDGE
2026-03-05,60476.857697,0.007263922518159807,NO HEDGE
2026-03-06,61113.286691,0.006954102920723227,NO HEDGE
2026-03-07,54560.27239,0.005718370264474625,NO HEDGE
2026-03-08,51308.069989,0.0026766595289079227,NO HEDGE
2026-03-09,58709.185545,0.0010787486515641855,NO HEDGE
2026-03-10,60591.871896,0.007263922518159807,NO HEDGE
2026-03-11,55686.429889,0.005718370264474625,NO HEDGE
2026-03-12,50418.420503,0.001349527665317139,NO HEDGE
2026-03-13,52074.796568,0.0026766595289079227,NO HEDGE
2026-03-14,56053.592495,0.006102877070619006,NO HEDGE
2026-03-15,57148.494988,0.006102877070619006,NO HEDGE
2026-03-16,54253.318045,0.005718370264474625,NO HEDGE
2026-03-17,58973.850127,0.0010787486515641855,NO HEDGE
2026-03-18,51992.274577,0.0026766595289079227,NO HEDGE
2026-03-19,57331.781142,0.006102877070619006,NO HEDGE
2026-03-20,61645.240105,0.006954102920723227,NO HEDGE
2026-03-21,64030.852831,0.004559270516717325,NO HEDGE
2026-03-22,64509.393691,0.004559270516717325,NO HEDGE
2026-03-23,62749.27561,0.006954102920723227,NO HEDGE
2026-03-24,63839.696991,0.004559270516717325,NO HEDGE
2026-03-25,66514.945317,0.025996533795493933,NO HEDGE
2026-03-26,66285.882975,0.007861635220125786,NO HEDGE
2026-03-27,59442.701905,0.007263922518159807,NO HEDGE
2026-03-28,50115.638832,0.001349527665317139,NO HEDGE
2026-03-29,58009.143261,0.0010787486515641855,NO HEDGE
2026-03-30,64219.488064,0.004559270516717325,NO HEDGE
2026-03-31,65586.993358,0.007861635220125786,NO HEDGE
2026-04-01,53245.717493,0.002385211687537269,NO HEDGE
